{"cameraMode":{"drawMode":0,"name":"Shaded","section":"Shading Mode"},"sceneLighting":false,"audioPlay":false,"sceneViewState":{"m_AlwaysRefresh":false,"showFog":false,"showSkybox":false,"showFlares":false,"showImageEffects":false,"showParticleSystems":false,"showVisualEffectGraphs":true,"m_FxEnabled":true},"in2DMode":false,"pivot":{"x":-0.0007671071216464043,"y":0.015916327014565469,"z":0.0013392530381679535},"rotation":{"x":-0.004328044597059488,"y":0.9956340193748474,"z":-0.07061856985092163,"w":-0.061008404940366748},"size":0.02211810275912285,"orthographic":true}