{"cameraMode":{"drawMode":0,"name":"Shaded","section":"Shading Mode"},"sceneLighting":false,"audioPlay":false,"sceneViewState":{"m_AlwaysRefresh":false,"showFog":false,"showSkybox":false,"showFlares":false,"showImageEffects":false,"showParticleSystems":false,"showVisualEffectGraphs":true,"m_FxEnabled":true},"in2DMode":false,"pivot":{"x":0.009786486625671387,"y":0.8818989992141724,"z":-0.011012256145477295},"rotation":{"x":-0.0545230358839035,"y":0.7472742795944214,"z":-0.06179053708910942,"w":-0.6593872904777527},"size":1.1504079103469849,"orthographic":false}