{"cameraMode":{"drawMode":0,"name":"Shaded","section":"Shading Mode"},"sceneLighting":false,"audioPlay":false,"sceneViewState":{"m_AlwaysRefresh":false,"showFog":false,"showSkybox":false,"showFlares":false,"showImageEffects":false,"showParticleSystems":false,"showVisualEffectGraphs":true,"m_FxEnabled":true},"in2DMode":false,"pivot":{"x":-113.68902587890625,"y":945.1644897460938,"z":58.36790466308594},"rotation":{"x":0.0003373436047695577,"y":0.9947726130485535,"z":-0.10213160514831543,"w":0.0032833332661539318},"size":1653.59423828125,"orthographic":true}