{"cameraMode":{"drawMode":0,"name":"Shaded","section":"Shading Mode"},"sceneLighting":false,"audioPlay":false,"sceneViewState":{"m_AlwaysRefresh":false,"showFog":false,"showSkybox":false,"showFlares":false,"showImageEffects":false,"showParticleSystems":false,"showVisualEffectGraphs":true,"m_FxEnabled":true},"in2DMode":false,"pivot":{"x":0.20861633121967317,"y":-0.031194817274808885,"z":0.01039692759513855},"rotation":{"x":0.05942497029900551,"y":0.9224845170974731,"z":-0.3472258150577545,"w":0.15787602961063386},"size":0.3001178801059723,"orthographic":false}